com.jivesoftware.search.ingress;search-ingress-application-lifecycle
com.jivesoftware.search.ingress.endpoints;search-ingress-query-handler
com.jivesoftware.search.ingress.pollers;search-ingress-query-handler
com.jivesoftware.search.ingress.services;search-ingress-query-handler
com.jivesoftware.search.ingress.tenacity;search-ingress-tenant-metadata-handler
com.jivesoftware.search.ingress.managers.permission;search-ingress-application-lifecycle
com.jivesoftware.cloud.ingressadapter;search-ingress-adapter-application-lifecycle
com.jivesoftware.cloud.ingressadapter.endpoints;search-ingress-adapter-api
com.jivesoftware.cloud.ingressadapter.entities;search-ingress-adapter-queue-integration
com.jivesoftware.cloud.ingressadapter.exceptions;search-ingress-adapter-queue-integration
com.jivesoftware.cloud.ingressadapter.services;search-ingress-adapter-queue-integration
com.jivesoftware.cloud.ingressadapter.models;search-ingress-adapter-queue-integration
com.jivesoftware.cloud.ingressadapter.models.contentstreamingwhitelist;search-ingress-adapter-queue-integration
com.jivesoftware.cloud.ingressadapter.health;search-ingress-adapter-application-lifecycle
com.jivesoftware.cloud.ingressadapter.permission;search-ingress-adapter-application-lifecycle
com.jivesoftware.cloud.ingressadapter.services.kinesis;search-ingress-adapter-kinesis-integration
com.jivesoftware.cloud.ingressadapter.tenacity;search-ingress-adapter-tenant-metadata-handler
com.jivesoftware.search.query;search-query-application-lifecycle
com.jivesoftware.search.query.cacheutil;search-query-redis-integration
com.jivesoftware.search.query.endpoints;search-query-api
com.jivesoftware.search.query.health;search-query-health-check
com.jivesoftware.search.query.resources;search-query-query-processing
com.jivesoftware.search.query.resources.model;search-query-query-processing
com.jivesoftware.search.query.services;search-query-query-processing
com.jivesoftware.search.query.services.helper;search-query-query-processing
com.jivesoftware.search.query.services.rateLimit;search-query-query-processing
com.jivesoftware.search.essp;search-essp-application-lifecycle
com.jivesoftware.search.essp.endpoints;search-essp-info-api
com.jivesoftware.search.essp.model;search-essp-r2e2-integration
com.jivesoftware.search.essp.providers;search-essp-r2e2-integration
com.jivesoftware.search.essp.providers.cached;search-essp-r2e2-integration
com.jivesoftware.search.essp.providers.elasticsearchid;search-essp-r2e2-integration
com.jivesoftware.search.essp.providers.noop;search-essp-r2e2-integration
com.jivesoftware.search.essp.providers.random;search-essp-r2e2-integration
com.jivesoftware.search.essp.providers.reco;search-essp-r2e2-integration
com.jivesoftware.search.essp.providers.routing;search-essp-r2e2-integration
com.jivesoftware.search.essp.resources;search-essp-r2e2-integration
com.amazon.sqs.javamessaging;search-shared-ingress-library
com.jivesoftware.community.impl.search.user.cloud;search-shared-commons-library
com.jivesoftware.search.shared.constants;search-shared-commons-library
com.jivesoftware.search.shared;search-shared-commons-library
com.jivesoftware.search.shared.aws;search-shared-commons-library
com.jivesoftware.search.shared.aws.builders;search-shared-commons-library
com.jivesoftware.search.shared.aws.builders.exceptions;search-shared-commons-library
com.jivesoftware.search.shared.aws.configuration;search-shared-commons-library
com.jivesoftware.search.shared.aws.configuration.constants;search-shared-commons-library
com.jivesoftware.search.shared.aws.exceptions;search-shared-commons-library
com.jivesoftware.search.shared.aws.managers;search-shared-commons-library
com.jivesoftware.search.shared.aws.managers.abstracts;search-shared-commons-library
com.jivesoftware.search.shared.aws.managers.commands;search-shared-commons-library
com.jivesoftware.search.shared.aws.managers.healthchecks;search-shared-commons-library
com.jivesoftware.search.shared.aws.managers.models;search-shared-commons-library
com.jivesoftware.search.shared.aws.models;search-shared-commons-library
com.jivesoftware.search.shared.aws.pollers;search-shared-commons-library
com.jivesoftware.search.shared.aws.pollers.exception;search-shared-commons-library
com.jivesoftware.search.shared.caching;search-shared-commons-library
com.jivesoftware.search.shared.dpl;search-shared-commons-library
com.jivesoftware.search.shared.dpl.request;search-shared-commons-library
com.jivesoftware.search.shared.dpl.request.apientityscoreset;search-shared-commons-library
com.jivesoftware.search.shared.dpl.request.score;search-shared-commons-library
com.jivesoftware.search.shared.eaio;search-shared-commons-library
com.jivesoftware.search.shared.dataproducer;search-shared-commons-library
com.jivesoftware.search.shared.elastic;search-shared-commons-library
com.jivesoftware.search.shared.elastic.config;search-shared-commons-library
com.jivesoftware.search.shared.elastic.converter;search-shared-commons-library
com.jivesoftware.search.shared.elastic.listener;search-shared-commons-library
com.jivesoftware.search.shared.entities;search-shared-ingress-library
com.jivesoftware.search.shared.health;search-shared-commons-library
com.jivesoftware.search.shared.httpclient;search-shared-commons-library
com.jivesoftware.search.shared.httpclient.apache4xclient;search-shared-commons-library
com.jivesoftware.search.shared.ingress;search-shared-ingress-library
com.jivesoftware.search.shared.list_engine_query_api;search-shared-commons-library
com.jivesoftware.search.shared.list_engine_query_api.helper;search-shared-commons-library
com.jivesoftware.search.shared.list_engine_shared;search-shared-commons-library
com.jivesoftware.search.shared.managers.permission;search-shared-commons-library
com.jivesoftware.search.shared.metrics;search-shared-commons-library
com.jivesoftware.search.shared.monitoring;search-shared-commons-library
com.jivesoftware.search.shared.nicity.io;search-shared-commons-library
com.jivesoftware.search.shared.nicity.lang;search-shared-commons-library
com.jivesoftware.search.shared.query.esspesclusterquery;search-shared-query-library
com.jivesoftware.search.shared.query.esspesclusterquery.asyncrequester;search-shared-query-library
com.jivesoftware.search.shared.query.esspesclusterquery.essp.client;search-shared-query-library
com.jivesoftware.search.shared.query.esspesclusterquery.essp.dpl;search-shared-query-library
com.jivesoftware.search.shared.query.esspesclusterquery.querybuilder;search-shared-query-library
com.jivesoftware.search.shared.query.esspesclusterquery.queryexecutor;search-shared-query-library
com.jivesoftware.search.shared.query.esspesclusterquery.requestprocessor;search-shared-query-library
com.jivesoftware.search.shared.query.esspesclusterquery.resultcontainer;search-shared-query-library
com.jivesoftware.search.shared.query.esspesclusterquery.scoreresults;search-shared-query-library
com.jivesoftware.search.shared.redis;search-shared-commons-library
com.jivesoftware.search.shared.redis.crypto;search-shared-commons-library
com.jivesoftware.search.shared.tenancy;search-shared-commons-library
com.jivesoftware.search.shared.tenancy.oauth;search-shared-commons-library
com.jivesoftware.search.shared.tenancy_registry;search-shared-commons-library
com.jivesoftware.search.shared.tenantconfig.models;search-shared-commons-library
com.jivesoftware.search.shared.tenantconfig.services;search-shared-commons-library
com.jivesoftware.search.shared.tracingapi;search-shared-commons-library
com.jivesoftware.search.shared.tracingapi.common;search-shared-commons-library
com.jivesoftware.search.shared.tracingapi.commonshttp;search-shared-commons-library
com.jivesoftware.search.shared.tracingapi.internal;search-shared-commons-library
com.jivesoftware.search.shared.pojo;search-shared-commons-library
com.jivesoftware.search.shared.query;search-shared-commons-library
com.jivesoftware.search.shared.rebuild;search-shared-commons-library
com.jivesoftware.search.shared.services;search-shared-commons-library
com.jivesoftware.search.shared.legacy;search-shared-commons-library
com.jivesoftware.search.shared.configuration;search-shared-commons-library
com.jivesoftware.search.shared.schema;search-shared-commons-library
com.jivesoftware.search.shared.marshaller;search-shared-commons-library
com.jivesoftware.search.shared.twitter;search-shared-commons-library
com.jivesoftware.search.shared.util;search-shared-commons-library
com.jivesoftware.search.shared.crypto;search-shared-commons-library
com.jivesoftware.search.shared.searchapi;search-shared-commons-library
com.jivesoftware.search.shared.searchapi.client;search-shared-commons-library
com.jivesoftware.search.shared.searchapi.endpoints;search-shared-commons-library
com.jivesoftware.service.search.ingress;search-api
com.jivesoftware.service.search.ingress.activity;search-api
com.jivesoftware.service.search.ingress.properties;search-api
com.jivesoftware.service.search.ingress.content.activity;search-api
com.jivesoftware.service.search.ingress.content.properties;search-api
com.jivesoftware.service.search.ingress.people.activity;search-api
com.jivesoftware.service.search.ingress.people.properties;search-api
com.jivesoftware.service.search.ingress.marshall;search-api
com.jivesoftware.service.search.ingress.client.factory.http;search-api
com.jivesoftware.service.search.ingress.client.impl.http;search-api
com.jivesoftware.service.search.ingress.http.shared;search-api
com.jivesoftware.service.search.ingress.marshall.factory;search-api
com.jivesoftware.service.search.ingress.marshall.json;search-api
com.jivesoftware.service.search.manage;search-api
com.jivesoftware.service.listengine.search.query;search-api
com.jivesoftware.service.listengine.search.query.filter;search-api
com.jivesoftware.service.listengine.search.query.response;search-api
com.jivesoftware.service.search.query;search-api
com.jivesoftware.service.search.query;search-api
com.jivesoftware.service.search.rebuild.content;search-api
com.jivesoftware.service.search.rebuild.content.properties;search-api
com.jivesoftware.service.search.rebuild.people;search-api
com.jivesoftware.service.search.rebuild.people.properties;search-api
com.jivesoftware.service.search.rebuild;search-api
com.jivesoftware.service.search.rebuild.properties;search-api
com.jivesoftware.searchbot;search-bot-application-lifecycle
com.jivesoftware.searchbot.exceptions;search-bot-health-check
com.jivesoftware.searchbot.health;search-bot-health-check
com.jivesoftware.searchbot.worker;search-bot-health-check
com.jivesoftware.search.recovery.storage;search-recovery-storage-application-lifecycle
com.jivesoftware.search.recovery.storage.constants;search-recovery-storage-backup-service
com.jivesoftware.search.recovery.storage.endpoints;search-recovery-storage-backup-service
com.jivesoftware.search.recovery.storage.exceptions;search-recovery-storage-backup-service
com.jivesoftware.search.recovery.storage.pollers;search-recovery-storage-backup-service
com.jivesoftware.search.recovery.storage.services;search-recovery-storage-backup-service
com.jivesoftware.search.recovery.storage.tenacity;search-recovery-storage-tenant-metadata-handler
com.jivesoftware.service.activity.ingress.http.shared ;r2e2-stream-client