Package;Component
com.jivesoftware.search.ingress;search-ingress-application-lifecycle
com.jivesoftware.search.ingress.endpoints;search-ingress-query-handler
com.jivesoftware.search.ingress.pollers;search-ingress-query-handler
com.jivesoftware.search.ingress.services;search-ingress-query-handler
com.jivesoftware.search.ingress.tenacity;search-ingress-tenant-metadata-handler
com.jivesoftware.search.ingress.managers.permission;search-ingress-application-lifecycle
com.amazon.sqs.javamessaging;search-shared-ingress-library
com.jivesoftware.community.impl.search.user.cloud;search-shared-common-library
com.jivesoftware.search.shared.constants;search-shared-common-library
com.jivesoftware.search.shared;search-shared-common-library
com.jivesoftware.search.shared.aws;search-shared-common-library
com.jivesoftware.search.shared.aws.builders;search-shared-common-library
com.jivesoftware.search.shared.aws.builders.exceptions;search-shared-common-library
com.jivesoftware.search.shared.aws.configuration;search-shared-common-library
com.jivesoftware.search.shared.aws.configuration.constants;search-shared-common-library
com.jivesoftware.search.shared.aws.exceptions;search-shared-common-library
com.jivesoftware.search.shared.aws.managers;search-shared-common-library
com.jivesoftware.search.shared.aws.managers.abstracts;search-shared-common-library
com.jivesoftware.search.shared.aws.managers.commands;search-shared-common-library
com.jivesoftware.search.shared.aws.managers.healthchecks;search-shared-common-library
com.jivesoftware.search.shared.aws.managers.models;search-shared-common-library
com.jivesoftware.search.shared.aws.models;search-shared-common-library
com.jivesoftware.search.shared.aws.pollers;search-shared-common-library
com.jivesoftware.search.shared.aws.pollers.exception;search-shared-common-library
com.jivesoftware.search.shared.caching;search-shared-common-library
com.jivesoftware.search.shared.dpl;search-shared-common-library
com.jivesoftware.search.shared.dpl.request;search-shared-common-library
com.jivesoftware.search.shared.dpl.request.apientityscoreset;search-shared-common-library
com.jivesoftware.search.shared.dpl.request.score;search-shared-common-library
com.jivesoftware.search.shared.eaio;search-shared-common-library
com.jivesoftware.search.shared.dataproducer;search-shared-common-library
com.jivesoftware.search.shared.elastic;search-shared-common-library
com.jivesoftware.search.shared.elastic.config;search-shared-common-library
com.jivesoftware.search.shared.elastic.converter;search-shared-common-library
com.jivesoftware.search.shared.elastic.listener;search-shared-common-library
com.jivesoftware.search.shared.entities;search-shared-ingress-library
com.jivesoftware.search.shared.health;search-shared-common-library
com.jivesoftware.search.shared.httpclient;search-shared-common-library
com.jivesoftware.search.shared.httpclient.apache4xclient;search-shared-common-library
com.jivesoftware.search.shared.ingress;search-shared-ingress-library
com.jivesoftware.search.shared.list_engine_query_api;search-shared-common-library
com.jivesoftware.search.shared.list_engine_query_api.helper;search-shared-common-library
com.jivesoftware.search.shared.list_engine_shared;search-shared-common-library
com.jivesoftware.search.shared.managers.permission;search-shared-common-library
com.jivesoftware.search.shared.metrics;search-shared-common-library
com.jivesoftware.search.shared.monitoring;search-shared-common-library
com.jivesoftware.search.shared.nicity.io;search-shared-common-library
com.jivesoftware.search.shared.nicity.lang;search-shared-common-library
com.jivesoftware.search.shared.query.esspesclusterquery;search-shared-query-library
com.jivesoftware.search.shared.query.esspesclusterquery.asyncrequester;search-shared-query-library
com.jivesoftware.search.shared.query.esspesclusterquery.essp.client;search-shared-query-library
com.jivesoftware.search.shared.query.esspesclusterquery.essp.dpl;search-shared-query-library
com.jivesoftware.search.shared.query.esspesclusterquery.querybuilder;search-shared-query-library
com.jivesoftware.search.shared.query.esspesclusterquery.queryexecutor;search-shared-query-library
com.jivesoftware.search.shared.query.esspesclusterquery.requestprocessor;search-shared-query-library
com.jivesoftware.search.shared.query.esspesclusterquery.resultcontainer;search-shared-query-library
com.jivesoftware.search.shared.query.esspesclusterquery.scoreresults;search-shared-query-library
com.jivesoftware.search.shared.redis;search-shared-commons-library
com.jivesoftware.search.shared.redis.crypto;search-shared-commons-library
com.jivesoftware.search.shared.tenancy;search-shared-commons-library
com.jivesoftware.search.shared.tenancy.oauth;search-shared-commons-library
com.jivesoftware.search.shared.tenancy_registry;search-shared-commons-library
com.jivesoftware.search.shared.tenantconfig.models;search-shared-commons-library
com.jivesoftware.search.shared.tenantconfig.services;search-shared-commons-library
com.jivesoftware.search.shared.tracingapi;search-shared-commons-library
com.jivesoftware.search.shared.tracingapi.common;search-shared-commons-library
com.jivesoftware.search.shared.tracingapi.commonshttp;search-shared-commons-library
com.jivesoftware.search.shared.tracingapi.internal;search-shared-commons-library
com.jivesoftware.search.shared.pojo;search-shared-commons-library
com.jivesoftware.search.shared.query;search-shared-commons-library
com.jivesoftware.search.shared.rebuild;search-shared-commons-library
com.jivesoftware.search.shared.services;search-shared-commons-library
com.jivesoftware.search.shared.legacy;search-shared-commons-library
com.jivesoftware.search.shared.configuration;search-shared-commons-library
com.jivesoftware.search.shared.schema;search-shared-commons-library
com.jivesoftware.search.shared.marshaller;search-shared-commons-library
com.jivesoftware.search.shared.twitter;search-shared-commons-library
com.jivesoftware.search.shared.util;search-shared-commons-library
com.jivesoftware.search.shared.crypto;search-shared-commons-library
com.jivesoftware.search.shared.searchapi;search-shared-commons-library
com.jivesoftware.search.shared.searchapi.client;search-shared-commons-library
com.jivesoftware.search.shared.searchapi.endpoints;search-shared-commons-library
com.jivesoftware.cloud.ingressadapter;search-ingress-adapter-application-lifecycle
com.jivesoftware.cloud.ingressadapter.endpoints;search-ingress-adapter-api
com.jivesoftware.cloud.ingressadapter.entities;search-ingress-adapter-queue-integration
com.jivesoftware.cloud.ingressadapter.exceptions;search-ingress-adapter-queue-integration
com.jivesoftware.cloud.ingressadapter.services;search-ingress-adapter-queue-integration
com.jivesoftware.cloud.ingressadapter.models;search-ingress-adapter-queue-integration
com.jivesoftware.cloud.ingressadapter.models.contentstreamingwhitelist;search-ingress-adapter-queue-integration
com.jivesoftware.cloud.ingressadapter.health;search-ingress-adapter-application-lifecycle
com.jivesoftware.cloud.ingressadapter.permission;search-ingress-adapter-application-lifecycle
com.jivesoftware.cloud.ingressadapter.services.kinesis;search-ingress-adapter-kinesis-integration
com.jivesoftware.cloud.ingressadapter.tenacity;search-ingress-adapter-tenant-metadata-handler
